Trial,Lane,Traffic,Yield,eHMI,First_Car_Creation_Time,First_Car_Decel_Time,First_Car_eHMI_ON_Time,First_Car_Stop_Time,First_Car_eHMI_OFF_Time,First_Car_Accel_Start_Time,First_Car_Destroy_Time,Second_Car_Creation_Time,Second_Car_Decel_Time,Second_Car_eHMI_ON_Time,Second_Car_Stop_Time,Second_Car_eHMI_OFF_Time,Second_Car_Accel_Start_Time,Second_Car_Destroy_Time,Collision_Car,Collision_Time,Pedestrian_Enter_time,Pedestrian_Exit_Time,TrialTimeOut,TrialTimeOut_Time
34,Two Lane,Two Car Same,Yield,eHMI B,0.00371639989316463,2.37226629257202,2.37226629257202,8.15712833404541,N/A,N/A,8.96797561645508,2.31928491592407,2.35643553733826,2.35643553733826,8.1423511505127,N/A,N/A,8.96797561645508,N/A,N/A,4.2746410369873,8.58615112304688,N/A,N/A,
13,Two Lane,Two Car Same,No Yield,N/A,0,N/A,N/A,N/A,N/A,N/A,9.35340595245361,2.3182954788208,N/A,N/A,N/A,N/A,N/A,11.673360824585,N/A,N/A,12.4968814849854,16.8104572296143,N/A,N/A,
2,Three Lane,Single Car,No Yield,N/A,0,N/A,N/A,N/A,N/A,N/A,9.35490894317627,N/A,N/A,N/A,N/A,N/A,N/A,N/A,N/A,N/A,6.85128307342529,11.1770935058594,N/A,N/A,
27,Four Lane,Two Car Different,No Yield,N/A,0,2.36596918106079,N/A,8.1527156829834,N/A,13.6394262313843,15.5483484268188,0,2.34845852851868,N/A,8.13417053222656,N/A,11.1371383666992,15.5483484268188,FirstCar,15.5483484268188,14.6529312133789,N/A,N/A,N/A,
36,Four Lane,Two Car Same,Yield,eHMI B,0,2.36826634407043,2.36826634407043,N/A,N/A,N/A,7.75512552261353,2.32631850242615,2.36561560630798,2.36561560630798,N/A,N/A,N/A,7.75512552261353,N/A,N/A,3.06286644935608,7.37357234954834,N/A,N/A,
9,Four Lane,Two Car Different,No Yield,N/A,0,2.34947228431702,N/A,N/A,N/A,N/A,6.56953001022339,0,2.34947228431702,N/A,N/A,N/A,N/A,6.56953001022339,N/A,N/A,1.87549030780792,6.18850994110107,N/A,N/A,
17,Three Lane,Two Car Same,Yield,eHMI A,0,2.35897755622864,2.35897755622864,8.14438629150391,N/A,N/A,8.40712356567383,2.31981301307678,2.33865451812744,2.33865451812744,8.12426853179932,N/A,N/A,8.40712356567383,N/A,N/A,3.71305561065674,8.02587223052979,N/A,N/A,
33,Four Lane,Two Car Same,No Yield,N/A,0,2.34704303741455,N/A,8.1339750289917,N/A,11.1369791030884,18.1460666656494,2.33716559410095,2.33953070640564,N/A,8.1251049041748,N/A,N/A,19.2321681976318,N/A,N/A,14.5370473861694,18.8494396209717,N/A,N/A,
29,Three Lane,Two Car Different,Yield,eHMI B,0,2.36616015434265,2.36616015434265,8.15403079986572,11.1565065383911,11.1565065383911,12.9055442810059,0,2.34857153892517,2.34857153892517,8.13409900665283,11.1369886398315,11.1369886398315,12.9055442810059,FirstCar,12.9055442810059,12.6018438339233,N/A,N/A,N/A,
7,Two Lane,Two Car Different,No Yield,N/A,0,N/A,N/A,N/A,N/A,N/A,5.55555009841919,0,N/A,N/A,N/A,N/A,N/A,5.55555009841919,FirstCar,5.55555009841919,3.55981016159058,N/A,N/A,N/A,
N/A,N/A,N/A,N/A,N/A,N/A,N/A,N/A,N/A,N/A,N/A,N/A,N/A,N/A,N/A,N/A,N/A,N/A,N/A,N/A,N/A,N/A,N/A,N/A,N/A,
N/A,N/A,N/A,N/A,N/A,N/A,N/A,N/A,N/A,N/A,N/A,N/A,N/A,N/A,N/A,N/A,N/A,N/A,N/A,N/A,N/A,N/A,N/A,N/A,N/A,
N/A,N/A,N/A,N/A,N/A,N/A,N/A,N/A,N/A,N/A,N/A,N/A,N/A,N/A,N/A,N/A,N/A,N/A,N/A,N/A,N/A,N/A,N/A,N/A,N/A,
N/A,N/A,N/A,N/A,N/A,N/A,N/A,N/A,N/A,N/A,N/A,N/A,N/A,N/A,N/A,N/A,N/A,N/A,N/A,N/A,N/A,N/A,N/A,N/A,N/A,
N/A,N/A,N/A,N/A,N/A,N/A,N/A,N/A,N/A,N/A,N/A,N/A,N/A,N/A,N/A,N/A,N/A,N/A,N/A,N/A,N/A,N/A,N/A,N/A,N/A,
N/A,N/A,N/A,N/A,N/A,N/A,N/A,N/A,N/A,N/A,N/A,N/A,N/A,N/A,N/A,N/A,N/A,N/A,N/A,N/A,N/A,N/A,N/A,N/A,N/A,
N/A,N/A,N/A,N/A,N/A,N/A,N/A,N/A,N/A,N/A,N/A,N/A,N/A,N/A,N/A,N/A,N/A,N/A,N/A,N/A,N/A,N/A,N/A,N/A,N/A,
N/A,N/A,N/A,N/A,N/A,N/A,N/A,N/A,N/A,N/A,N/A,N/A,N/A,N/A,N/A,N/A,N/A,N/A,N/A,N/A,N/A,N/A,N/A,N/A,N/A,
N/A,N/A,N/A,N/A,N/A,N/A,N/A,N/A,N/A,N/A,N/A,N/A,N/A,N/A,N/A,N/A,N/A,N/A,N/A,N/A,N/A,N/A,N/A,N/A,N/A,
N/A,N/A,N/A,N/A,N/A,N/A,N/A,N/A,N/A,N/A,N/A,N/A,N/A,N/A,N/A,N/A,N/A,N/A,N/A,N/A,N/A,N/A,N/A,N/A,N/A,
N/A,N/A,N/A,N/A,N/A,N/A,N/A,N/A,N/A,N/A,N/A,N/A,N/A,N/A,N/A,N/A,N/A,N/A,N/A,N/A,N/A,N/A,N/A,N/A,N/A,
N/A,N/A,N/A,N/A,N/A,N/A,N/A,N/A,N/A,N/A,N/A,N/A,N/A,N/A,N/A,N/A,N/A,N/A,N/A,N/A,N/A,N/A,N/A,N/A,N/A,
N/A,N/A,N/A,N/A,N/A,N/A,N/A,N/A,N/A,N/A,N/A,N/A,N/A,N/A,N/A,N/A,N/A,N/A,N/A,N/A,N/A,N/A,N/A,N/A,N/A,
N/A,N/A,N/A,N/A,N/A,N/A,N/A,N/A,N/A,N/A,N/A,N/A,N/A,N/A,N/A,N/A,N/A,N/A,N/A,N/A,N/A,N/A,N/A,N/A,N/A,
N/A,N/A,N/A,N/A,N/A,N/A,N/A,N/A,N/A,N/A,N/A,N/A,N/A,N/A,N/A,N/A,N/A,N/A,N/A,N/A,N/A,N/A,N/A,N/A,N/A,
N/A,N/A,N/A,N/A,N/A,N/A,N/A,N/A,N/A,N/A,N/A,N/A,N/A,N/A,N/A,N/A,N/A,N/A,N/A,N/A,N/A,N/A,N/A,N/A,N/A,
N/A,N/A,N/A,N/A,N/A,N/A,N/A,N/A,N/A,N/A,N/A,N/A,N/A,N/A,N/A,N/A,N/A,N/A,N/A,N/A,N/A,N/A,N/A,N/A,N/A,
N/A,N/A,N/A,N/A,N/A,N/A,N/A,N/A,N/A,N/A,N/A,N/A,N/A,N/A,N/A,N/A,N/A,N/A,N/A,N/A,N/A,N/A,N/A,N/A,N/A,
N/A,N/A,N/A,N/A,N/A,N/A,N/A,N/A,N/A,N/A,N/A,N/A,N/A,N/A,N/A,N/A,N/A,N/A,N/A,N/A,N/A,N/A,N/A,N/A,N/A,
N/A,N/A,N/A,N/A,N/A,N/A,N/A,N/A,N/A,N/A,N/A,N/A,N/A,N/A,N/A,N/A,N/A,N/A,N/A,N/A,N/A,N/A,N/A,N/A,N/A,
N/A,N/A,N/A,N/A,N/A,N/A,N/A,N/A,N/A,N/A,N/A,N/A,N/A,N/A,N/A,N/A,N/A,N/A,N/A,N/A,N/A,N/A,N/A,N/A,N/A,
N/A,N/A,N/A,N/A,N/A,N/A,N/A,N/A,N/A,N/A,N/A,N/A,N/A,N/A,N/A,N/A,N/A,N/A,N/A,N/A,N/A,N/A,N/A,N/A,N/A,
N/A,N/A,N/A,N/A,N/A,N/A,N/A,N/A,N/A,N/A,N/A,N/A,N/A,N/A,N/A,N/A,N/A,N/A,N/A,N/A,N/A,N/A,N/A,N/A,N/A,
N/A,N/A,N/A,N/A,N/A,N/A,N/A,N/A,N/A,N/A,N/A,N/A,N/A,N/A,N/A,N/A,N/A,N/A,N/A,N/A,N/A,N/A,N/A,N/A,N/A,
N/A,N/A,N/A,N/A,N/A,N/A,N/A,N/A,N/A,N/A,N/A,N/A,N/A,N/A,N/A,N/A,N/A,N/A,N/A,N/A,N/A,N/A,N/A,N/A,N/A,
N/A,N/A,N/A,N/A,N/A,N/A,N/A,N/A,N/A,N/A,N/A,N/A,N/A,N/A,N/A,N/A,N/A,N/A,N/A,N/A,N/A,N/A,N/A,N/A,N/A,
